nGridPoints,numConvErrorP1_2nd
11,0.011316
21,0.0028521
41,0.0007161
81,0.00017942
161,4.4906e-05
321,1.1233e-05
641,NaN
